City,Country,Lat,Lng,Max Temp,Humidity,Cloudiness,Wind Speed,Description
Kodiak,US,57.79,-152.41,28.4,46,20,8.05,few clouds
Hithadhoo,MV,-0.6,73.08,83.26,71,6,4.52,clear sky
Tual,ID,-5.67,132.75,83.32,71,30,6.96,scattered clouds
Zyryanskoye,RU,56.83,86.63,32.9,96,100,18.45,overcast clouds
Oranjemund,NA,-28.55,16.43,61.2,90,95,10.13,overcast clouds
Turbat,PK,26.0,63.04,78.15,14,0,4.18,clear sky
Sisimiut,GL,66.94,-53.67,21.45,92,94,13.29,overcast clouds
Sydney,AU,-33.87,151.21,59.0,87,75,26.4,shower rain
Kawalu,ID,-7.38,108.21,85.32,64,99,4.92,moderate rain
Busselton,AU,-33.65,115.33,78.01,32,0,0.58,clear sky
Biak,ID,-0.91,122.88,86.97,57,6,0.47,light rain
Kahului,US,20.89,-156.47,86.0,55,40,11.41,scattered clouds
Punta Arenas,CL,-53.15,-70.92,46.4,87,99,6.93,light rain
Lazaro Cardenas,MX,17.96,-102.2,75.63,74,0,5.1,clear sky
Kapaa,US,22.08,-159.32,80.6,83,1,9.17,clear sky
Mahebourg,MU,-20.41,57.7,71.6,88,75,3.36,shower rain
Jamestown,US,42.1,-79.24,54.0,50,1,11.41,clear sky
Ipixuna,BR,-1.76,-48.8,77.0,94,40,4.7,light rain
Hobart,AU,-42.88,147.33,61.0,41,75,10.29,broken clouds
Qui Nhon,VN,13.77,109.23,73.58,91,100,11.52,moderate rain
Medina Del Campo,ES,41.31,-4.91,48.0,93,90,20.8,overcast clouds
Codrington,AU,-38.27,141.97,56.08,63,37,14.29,scattered clouds
Rikitea,PF,-23.12,-134.97,73.74,67,11,8.3,few clouds
Atuona,PF,-9.8,-139.03,78.6,78,1,21.34,light rain
Butaritari,KI,3.07,172.79,81.97,71,95,7.63,overcast clouds
Vaini,TO,-21.2,-175.2,78.8,74,20,11.41,few clouds
Puerto Carreno,CO,6.19,-67.49,77.29,90,96,4.07,overcast clouds
Forestville,US,38.85,-76.88,55.99,81,1,9.17,clear sky
Namibe,AO,-15.2,12.15,67.06,70,1,2.73,clear sky
Tasiilaq,GL,65.61,-37.64,28.4,50,76,14.99,broken clouds
Katsuura,JP,35.13,140.3,66.99,42,20,5.82,few clouds
Tuktoyaktuk,CA,69.45,-133.04,8.6,84,75,5.82,broken clouds
Buluang,PH,13.31,123.34,84.51,76,100,1.28,light rain
Mulege,MX,26.88,-111.98,77.16,49,94,7.07,overcast clouds
Dwarka,IN,22.24,68.97,81.37,49,0,2.93,clear sky
Naron,ES,43.52,-8.15,55.0,74,22,21.0,few clouds
Puerto Ayora,EC,-0.74,-90.35,70.0,80,100,8.01,overcast clouds
Yellowknife,CA,62.46,-114.35,1.99,84,75,11.41,light snow
Mutsu,JP,41.29,141.22,55.4,46,75,23.04,broken clouds
Aljezur,PT,37.32,-8.8,56.7,80,86,2.57,overcast clouds
Yamada,JP,39.47,141.95,57.2,46,22,11.81,few clouds
Kavieng,PG,-2.57,150.8,78.85,91,100,17.29,moderate rain
Saint George,US,37.1,-113.58,64.4,25,1,3.36,clear sky
Ostrovnoy,RU,68.05,39.51,37.15,85,90,18.12,overcast clouds
Mariinsk,RU,56.21,87.75,32.45,97,100,17.67,overcast clouds
Jamame,SO,0.07,42.75,78.73,81,53,5.14,moderate rain
Nandgaon,IN,20.32,74.65,78.28,34,0,2.84,clear sky
Nawa,IN,27.02,75.0,77.58,18,0,2.77,clear sky
Bluff,NZ,-46.6,168.33,52.0,87,100,8.01,light rain
Buraydah,SA,26.33,43.98,59.0,38,0,8.25,clear sky
Chimichagua,CO,9.26,-73.81,74.97,97,93,2.42,moderate rain
Narsaq,GL,60.92,-46.05,26.6,86,100,3.36,snow
Lumby,CA,50.25,-118.97,48.0,87,100,2.24,overcast clouds
Pisco,PE,-13.7,-76.22,64.0,88,0,5.82,clear sky
Mityana,UG,0.42,32.02,71.6,94,20,2.24,thunderstorm
Ust-Ilimsk,RU,58.0,102.66,25.86,96,100,12.82,light snow
Mount Isa,AU,-20.73,139.5,102.2,10,0,12.75,clear sky
Ushuaia,AR,-54.8,-68.3,50.0,76,0,8.05,clear sky
Tuatapere,NZ,-46.13,167.68,52.0,87,100,8.01,overcast clouds
Cabanas,CU,22.98,-82.92,77.0,94,75,11.41,broken clouds
Bengkulu,ID,-3.8,102.27,85.51,62,100,3.56,moderate rain
Rocha,UY,-34.48,-54.33,50.83,93,0,6.08,clear sky
Castro,BR,-24.79,-50.01,50.97,94,93,11.23,overcast clouds
Maniitsoq,GL,65.42,-52.9,24.75,89,88,5.03,light snow
Te Anau,NZ,-45.42,167.72,57.85,89,100,4.47,overcast clouds
Kpandae,GH,8.47,-0.01,78.24,80,100,4.25,overcast clouds
Zhigansk,RU,66.77,123.37,3.33,93,100,5.44,overcast clouds
Severo-Kurilsk,RU,50.68,156.12,36.55,82,98,32.3,overcast clouds
Chicama,PE,-7.84,-79.15,61.93,82,3,4.9,clear sky
Albany,US,42.6,-73.97,50.0,61,1,8.05,clear sky
Hermanus,ZA,-34.42,19.23,66.99,86,100,3.0,light rain
Cherskiy,RU,68.75,161.3,9.41,95,100,5.77,light snow
Kulhudhuffushi,MV,6.62,73.07,82.06,65,0,1.48,clear sky
Poum,NC,-20.23,164.02,76.82,76,1,8.72,clear sky
Mount Gambier,AU,-37.83,140.77,57.2,62,90,16.11,overcast clouds
Shenjiamen,CN,29.96,122.3,66.56,64,53,9.78,broken clouds
Pevek,RU,69.7,170.31,11.26,93,100,2.55,overcast clouds
Bredasdorp,ZA,-34.53,20.04,66.2,88,100,5.82,moderate rain
Mataura,NZ,-46.19,168.86,52.0,87,100,8.01,light rain
Bontang,ID,0.13,117.5,84.22,70,49,6.82,scattered clouds
Komsomolskiy,UZ,40.43,71.72,42.8,35,0,6.93,clear sky
Saldanha,ZA,-33.01,17.94,59.0,93,100,12.75,overcast clouds
Port Hueneme,US,34.15,-119.2,62.6,93,1,4.85,clear sky
Tiksi,RU,71.69,128.87,3.18,94,100,5.5,overcast clouds
Fortuna,US,40.6,-124.16,57.99,93,1,3.36,clear sky
Barrow,US,71.29,-156.79,26.6,79,90,24.16,snow
Ballina,AU,-28.87,153.57,93.99,65,37,13.87,light rain
Muros,ES,42.78,-9.06,53.01,67,80,5.01,broken clouds
Riacho De Santana,BR,-13.61,-42.94,68.63,93,100,2.59,overcast clouds
Kibala,TD,9.11,18.35,75.2,83,0,6.93,clear sky
Manokwari,ID,-0.87,134.08,85.08,71,98,10.18,light rain
Praia Da Vitoria,PT,38.73,-27.07,59.0,77,40,18.66,scattered clouds
Erenhot,CN,43.65,111.98,50.05,39,0,25.95,clear sky
Chagoda,RU,59.16,35.33,43.32,81,79,11.54,broken clouds
Serra,BR,-20.13,-40.31,75.99,88,75,2.24,broken clouds
Tsabong,BW,-26.02,22.4,67.69,71,22,16.17,few clouds
Sola,VU,-13.88,167.55,82.24,81,99,10.6,light rain
Villa Bruzual,VE,9.33,-69.12,73.29,92,100,3.47,overcast clouds
Aykhal,RU,66.0,111.5,-4.0,83,90,4.47,light snow
Smolenka,RU,52.14,113.5,28.4,68,19,8.95,few clouds
Hirara,JP,24.8,125.28,77.0,73,75,20.8,shower rain
Padang,ID,-0.95,100.35,84.65,62,98,2.95,heavy intensity rain
Chuy,UY,-33.7,-53.46,57.24,80,0,10.11,clear sky
Salalah,OM,17.02,54.09,71.6,64,0,3.36,clear sky
Warri,NG,5.52,5.75,73.72,92,100,5.01,overcast clouds
Saskylakh,RU,71.92,114.08,-8.59,90,74,4.52,broken clouds
Lagoa,PT,39.05,-27.98,60.73,74,100,20.62,overcast clouds
Durban,ZA,-29.86,31.03,71.01,88,75,3.36,moderate rain
Qaanaaq,GL,77.48,-69.36,-3.1,86,100,1.68,overcast clouds
Vega De Alatorre,MX,20.03,-96.63,71.35,78,41,7.78,light rain
Chokurdakh,RU,70.63,147.92,-9.72,92,59,6.89,broken clouds
Thompson,CA,55.74,-97.86,32.0,94,90,14.99,overcast clouds
Tuy Hoa,VN,13.08,109.3,80.37,73,100,11.34,overcast clouds
Lata,PT,40.16,-8.33,59.0,79,90,4.0,overcast clouds
Palembang,ID,-2.92,104.75,83.28,71,100,8.41,moderate rain
Coquimbo,CL,-29.95,-71.34,53.6,87,0,3.36,clear sky
Georgetown,MY,5.41,100.34,86.0,70,20,2.24,few clouds
New Norfolk,AU,-42.78,147.06,60.01,47,97,3.0,overcast clouds
Beloeil,CA,45.57,-73.2,33.01,91,1,4.7,clear sky
East London,ZA,-33.02,27.91,66.2,100,75,3.36,light intensity drizzle
Ribeira Grande,PT,38.52,-28.7,61.25,71,87,22.03,overcast clouds
Soanierana Ivongo,MG,-16.92,49.58,75.2,73,75,6.93,shower rain
Singaparna,ID,-7.35,108.11,84.02,66,98,4.76,moderate rain
Ocos,GT,14.51,-92.19,78.8,100,40,9.89,scattered clouds
Airai,TL,-8.93,125.41,83.71,31,11,4.41,few clouds
Grindavik,IS,63.84,-22.43,41.0,93,90,8.05,overcast clouds
Ilulissat,GL,69.22,-51.1,24.8,85,100,2.24,light snow
Hamilton,US,39.18,-84.53,57.2,50,75,8.05,broken clouds
Inhambane,MZ,-23.86,35.38,74.77,84,98,3.49,overcast clouds
Avarua,CK,-21.21,-159.78,73.4,83,100,20.65,light rain
Bonavista,CA,48.65,-53.11,28.99,79,12,10.29,few clouds
Bilibino,RU,68.05,166.44,10.74,93,100,5.93,overcast clouds
Les Cayes,HT,18.2,-73.75,77.27,80,100,4.88,overcast clouds
Los Llanos De Aridane,ES,28.66,-17.92,64.4,68,40,3.36,scattered clouds
Saint-Augustin,CA,51.23,-58.65,25.66,79,0,13.94,clear sky
Upernavik,GL,72.79,-56.15,15.62,96,100,9.33,light snow
Dharmadam,IN,11.78,75.43,78.8,94,40,3.36,mist
Cayenne,GF,4.93,-52.33,75.2,100,0,7.34,clear sky
Alyangula,AU,-13.85,136.42,93.2,44,73,14.99,broken clouds
Waingapu,ID,-9.66,120.26,89.83,48,15,10.4,few clouds
Bethel,US,41.37,-73.41,51.01,87,1,5.46,clear sky
Port Alfred,ZA,-33.59,26.89,68.32,89,98,14.79,light rain
Cap-Aux-Meules,CA,47.38,-61.86,30.2,50,0,6.93,clear sky
Margate,GB,51.38,1.39,51.01,66,38,5.14,scattered clouds
Kaeo,NZ,-35.1,173.78,69.01,87,92,14.0,overcast clouds
Ilo,PE,-17.64,-71.34,62.55,79,18,5.41,few clouds
Nikolskoye,RU,59.7,30.79,43.0,87,90,8.95,overcast clouds
Hilo,US,19.73,-155.09,80.6,69,75,9.17,broken clouds
Svetlogorsk,BY,52.63,29.73,45.59,95,100,7.16,overcast clouds
Cape Town,ZA,-33.93,18.42,66.0,82,20,5.82,few clouds
Nola,IT,40.92,14.53,57.2,87,0,2.24,clear sky
Karratha,AU,-20.74,116.85,98.89,17,0,13.53,clear sky
Hami,CN,42.8,93.45,45.86,43,3,1.57,clear sky
Nemuro,JP,43.32,145.57,50.0,46,40,10.29,scattered clouds
Qaqortoq,GL,60.72,-46.03,26.6,86,100,3.36,snow
Bereda,ES,43.27,-7.54,48.99,86,18,8.99,few clouds
Ormara,PK,25.21,64.64,76.95,31,0,2.8,clear sky
Hasaki,JP,35.73,140.83,68.0,45,20,4.7,few clouds
Sivas,TR,39.79,37.0,42.8,93,75,9.17,broken clouds
Lucea,JM,18.45,-78.17,77.0,88,90,2.24,overcast clouds
Vestmanna,FO,62.16,-7.17,50.0,100,98,27.51,overcast clouds
Saint-Georges,GD,12.06,-61.75,80.6,78,20,11.41,few clouds
Torbay,CA,47.67,-52.73,30.99,58,40,17.22,scattered clouds
Ust-Maya,RU,60.42,134.53,7.5,92,100,5.99,light snow
Camacha,PT,33.08,-16.33,57.2,76,75,10.29,broken clouds
Victoria,HK,22.29,114.16,75.0,64,0,5.01,clear sky
Cidreira,BR,-30.18,-50.21,59.5,68,20,7.63,few clouds
Tosya,TR,41.02,34.04,48.34,77,97,4.5,overcast clouds
Erdenet,MN,49.03,104.08,26.42,79,75,16.28,broken clouds
Guerrero Negro,MX,27.98,-114.06,70.27,69,1,9.62,clear sky
Seoul,KR,37.57,126.98,55.4,46,1,2.57,clear sky
Tarkwa,GH,5.31,-1.98,73.67,95,69,0.6,broken clouds
Jinchang,CN,38.5,102.17,47.1,43,19,15.68,few clouds
Nileshwar,IN,12.25,75.1,78.8,94,40,3.36,mist
Urucara,BR,-2.54,-57.76,75.97,90,93,2.77,overcast clouds
Pangnirtung,CA,66.15,-65.71,0.41,79,0,13.35,clear sky
Santana Do Livramento,BR,-30.89,-55.53,50.31,78,1,12.64,clear sky
Warrnambool,AU,-38.38,142.48,62.01,57,27,1.01,scattered clouds
Ushtobe,KZ,45.25,77.98,39.58,62,47,11.43,scattered clouds
Samfya,ZM,-11.36,29.56,69.21,43,48,6.87,scattered clouds
Carnarvon,AU,-24.87,113.63,78.8,74,0,16.11,clear sky
Santa Vitoria Do Palmar,BR,-33.52,-53.37,58.1,78,0,10.67,clear sky
Ikorodu,NG,6.62,3.5,77.0,100,20,5.59,few clouds
Tecoanapa,MX,16.52,-98.75,75.47,74,97,5.61,overcast clouds
Swan River,CA,52.11,-101.27,37.4,87,14,9.17,few clouds
San Vicente,AR,-26.62,-54.13,54.01,60,1,7.4,light rain
Goroka,PG,-6.08,145.39,71.44,78,79,2.3,moderate rain
Asfi,MA,32.3,-9.24,62.53,77,93,7.9,light rain
Ponta Do Sol,PT,32.67,-17.1,59.0,72,75,10.29,light intensity shower rain
Sisian,AM,39.53,46.03,53.6,93,75,9.17,broken clouds
Makakilo City,US,21.35,-158.09,82.4,78,40,9.17,scattered clouds
Solenzo,BF,12.18,-4.08,78.93,34,9,3.47,clear sky
Yerbogachen,RU,61.28,108.01,18.12,95,100,4.41,light snow
Leningradskiy,RU,69.38,178.42,13.32,89,100,8.77,overcast clouds
Naze,JP,28.37,129.48,77.0,64,75,18.34,broken clouds
Mangrol,IN,21.12,70.12,81.75,41,0,6.13,clear sky
Buchanan,LR,5.88,-10.05,76.87,87,86,1.01,moderate rain
Lianzhou,CN,24.78,112.38,79.59,50,0,1.01,clear sky
Ganzhou,CN,28.82,115.43,70.95,48,49,1.05,scattered clouds
Mirnyy,RU,62.54,113.96,10.4,92,68,2.68,light snow
Kerema,PG,-7.96,145.78,82.67,75,97,7.81,light rain
Galesburg,US,40.95,-90.37,61.0,54,1,5.82,clear sky
Saint Anthony,US,45.02,-93.22,62.6,57,1,4.7,clear sky
Vostok,RU,46.49,135.88,30.6,77,0,13.06,clear sky
San Jose,US,37.34,-121.89,64.99,72,1,5.82,clear sky
Qarqin,AF,37.42,66.04,60.49,25,0,1.3,clear sky
Mar Del Plata,AR,-38.0,-57.56,60.01,82,0,16.11,clear sky
Pinega,RU,64.7,43.39,40.01,94,100,7.43,light rain
Pathein,MM,16.78,94.73,83.88,76,4,3.4,moderate rain
Sayyan,YE,15.17,44.32,51.39,38,0,2.08,clear sky
Waipawa,NZ,-41.41,175.52,68.0,68,100,12.75,light rain
Chandil,IN,22.97,86.05,69.8,60,0,2.19,haze
Progreso,MX,21.28,-89.67,79.0,78,75,11.41,broken clouds
Yabelo,ET,4.88,38.08,59.2,100,83,8.48,broken clouds
Coari,BR,-4.08,-63.14,76.73,90,79,1.48,moderate rain
Fort Nelson,CA,58.81,-122.7,14.0,85,90,3.36,light snow
Carndonagh,IE,55.25,-7.27,49.64,91,94,10.33,overcast clouds
Sorland,NO,67.67,12.69,45.3,70,100,46.98,overcast clouds
Cabedelo,BR,-6.98,-34.83,77.0,88,20,5.82,few clouds
Kaura Namoda,NG,12.59,6.58,77.58,23,93,11.14,overcast clouds
Lebu,CL,-37.62,-73.65,48.54,85,0,6.4,clear sky
Axim,GH,4.87,-2.24,78.15,86,98,3.33,overcast clouds
Isla Mujeres,MX,21.23,-86.73,78.8,88,75,6.93,broken clouds
Abonnema,NG,4.71,6.79,77.0,94,20,4.0,mist
Comodoro Rivadavia,AR,-45.87,-67.5,57.2,33,0,23.04,clear sky
Athabasca,CA,54.72,-113.29,30.2,74,100,10.29,overcast clouds
Brigantine,US,39.41,-74.36,57.99,82,1,6.93,clear sky
Lima,PE,-12.04,-77.03,62.6,82,75,13.87,broken clouds
Ancud,CL,-41.87,-73.82,50.0,87,90,9.17,light intensity shower rain
Mizan Teferi,ET,6.98,35.58,62.26,80,3,3.04,clear sky
Ulaanbaatar,MN,47.91,106.88,28.4,68,75,8.95,broken clouds
Cururupu,BR,-1.83,-44.87,77.61,86,84,4.61,broken clouds
Khatanga,RU,71.97,102.5,-7.42,90,0,7.31,clear sky
Brae,GB,60.4,-1.35,51.8,100,99,23.04,moderate rain
Provideniya,RU,64.38,-173.3,39.2,86,90,22.37,overcast clouds
Derzhavinsk,KZ,51.1,66.32,36.3,76,0,14.85,clear sky
Cabo San Lucas,MX,22.89,-109.91,78.8,78,20,3.36,few clouds
Zhangjiakou,CN,40.81,114.88,51.19,39,2,2.91,clear sky
Cascais,PT,38.7,-9.42,55.99,90,97,17.63,overcast clouds
Vila Franca Do Campo,PT,37.72,-25.43,59.0,77,40,17.22,scattered clouds
Kasongo-Lunda,CD,-6.47,16.82,69.85,93,100,0.56,overcast clouds
Tigil,RU,57.8,158.67,34.34,85,98,11.99,overcast clouds
Xining,CN,36.62,101.77,43.54,60,100,1.14,overcast clouds
Constitucion,CL,-35.33,-72.42,48.36,73,0,12.19,clear sky
Port Elizabeth,ZA,-33.92,25.57,66.2,93,90,5.82,light rain
Vuktyl,RU,63.86,57.31,35.31,96,94,7.43,overcast clouds
Edd,ER,13.93,41.69,81.86,50,0,8.21,clear sky
Richards Bay,ZA,-28.78,32.04,71.94,88,95,4.38,overcast clouds
Dikson,RU,73.51,80.55,1.96,91,0,5.79,clear sky
Ponazyrevo,RU,58.36,46.31,41.7,91,100,10.04,overcast clouds
Bathsheba,BB,13.22,-59.52,77.0,78,75,18.34,shower rain
Tolaga Bay,NZ,-38.37,178.3,61.41,75,100,17.87,light rain
Mecca,SA,21.43,39.83,74.89,64,0,4.21,clear sky
Inverell,AU,-29.78,151.12,78.01,32,47,4.0,scattered clouds
Olafsvik,IS,64.89,-23.71,42.57,79,100,16.2,overcast clouds
Traralgon,AU,-38.18,146.53,60.01,54,18,10.0,few clouds
Kitimat,CA,54.05,-128.65,37.0,96,100,2.95,moderate rain
Chizhou,CN,30.66,117.48,69.17,44,31,1.66,scattered clouds
Trud,BG,42.23,24.73,42.8,93,75,2.24,broken clouds
Kidal,ML,18.44,1.41,75.87,21,63,11.52,broken clouds
Westport,US,41.14,-73.36,57.2,71,1,11.41,clear sky
Ixtapa,MX,20.7,-105.2,79.0,78,5,3.36,clear sky
Boca Do Acre,BR,-8.75,-67.4,74.97,87,32,1.92,light rain
Iquique,CL,-20.22,-70.14,62.6,72,0,9.17,clear sky
Mareeba,AU,-17.0,145.43,93.0,58,0,10.29,clear sky
Caravelas,BR,-17.71,-39.25,71.49,94,100,4.03,moderate rain
Wukari,NG,7.85,9.78,74.37,87,81,4.18,broken clouds
Agadez,NE,19.75,10.25,65.19,28,0,7.92,clear sky
Pocone,BR,-16.26,-56.62,71.35,42,9,1.77,clear sky
Jalu,LY,29.03,21.55,59.38,77,38,6.89,scattered clouds
Lavrentiya,RU,65.58,-171.0,34.14,95,100,21.56,overcast clouds
Oranjestad,AW,12.52,-70.03,82.4,74,20,19.46,few clouds
Angoche,MZ,-16.23,39.91,77.11,74,0,8.03,clear sky
Hay River,CA,60.82,-115.8,6.8,84,49,4.7,scattered clouds
Half Moon Bay,US,37.46,-122.43,63.0,100,1,3.36,clear sky
Ayan,RU,56.45,138.17,22.5,83,69,19.64,broken clouds
Tiznit,MA,29.58,-9.5,64.6,39,98,4.76,overcast clouds
Mahalapye,BW,-23.1,26.81,69.6,68,60,13.35,light rain
Farsund,NO,58.09,6.8,51.01,89,97,25.17,light rain
Great Bend,US,38.36,-98.76,55.99,71,1,10.29,clear sky
Teguldet,RU,57.31,88.17,32.86,96,100,15.01,overcast clouds
Huangzhai,CN,38.08,112.66,53.6,32,97,2.24,overcast clouds
Dongsheng,CN,39.82,109.98,49.89,40,0,13.24,clear sky
Minnedosa,CA,50.25,-99.84,44.6,73,5,14.99,clear sky
Agnibilekrou,CI,7.13,-3.2,71.19,99,70,0.92,broken clouds
Isla Vista,US,34.41,-119.86,68.0,88,1,4.7,clear sky
Alice Town,BS,25.72,-79.3,79.0,79,80,27.58,broken clouds
Eston,CA,51.15,-108.75,42.8,70,75,11.41,broken clouds
Asau,RO,46.43,26.4,37.0,93,100,2.15,overcast clouds
Maryborough,AU,-25.53,152.7,87.93,46,0,11.72,clear sky
Tucurui,BR,-3.77,-49.67,76.8,83,9,2.46,clear sky
Bulgan,MN,48.81,103.53,27.7,74,32,17.4,scattered clouds
Baker City,US,44.77,-117.83,55.4,37,1,6.93,clear sky
Clyde River,CA,70.47,-68.59,-2.2,64,1,18.34,clear sky
Dingle,PH,11.0,122.67,80.4,82,100,2.95,light rain
Arlit,NE,18.74,7.39,74.25,22,13,5.61,few clouds
Catalao,BR,-18.17,-47.95,62.08,77,0,2.19,clear sky
Hervey Bay,AU,-25.3,152.85,84.99,54,0,21.92,clear sky
Iqaluit,CA,63.75,-68.51,1.4,70,75,2.24,broken clouds
Hambantota,LK,6.12,81.12,84.2,83,0,5.82,clear sky
Mattru,SL,7.62,-11.83,73.38,97,3,2.42,light rain
Kremenchuk,UA,49.1,33.42,46.02,94,0,3.42,clear sky
Peniche,PT,39.36,-9.38,57.0,81,85,11.99,overcast clouds
Haines Junction,CA,60.75,-137.51,1.4,70,84,1.12,broken clouds
Loukhi,RU,66.08,33.04,38.62,80,99,9.51,overcast clouds
Kologriv,RU,58.83,44.32,42.3,92,100,9.53,moderate rain
Lorengau,PG,-2.02,147.27,84.6,73,96,6.51,moderate rain
Nizwa,OM,22.93,57.53,74.17,21,0,1.28,clear sky
Hobyo,SO,5.35,48.53,79.74,78,36,12.12,scattered clouds
Palmer,US,42.16,-72.33,51.8,81,1,8.05,clear sky
Hofn,IS,64.25,-15.21,44.67,59,61,8.05,broken clouds
Poya,NC,-21.35,165.15,80.04,66,51,6.64,broken clouds
Gondanglegi,ID,-7.75,112.01,91.17,54,38,3.11,scattered clouds
Nosy Varika,MG,-20.58,48.53,75.9,70,73,7.72,broken clouds
Rawson,AR,-43.3,-65.1,61.66,30,35,20.51,scattered clouds
Altus,US,34.64,-99.33,60.8,67,1,11.41,clear sky
Ishigaki,JP,24.34,124.16,75.2,83,75,24.16,broken clouds
Pafos,CY,34.77,32.42,53.6,76,40,5.82,scattered clouds
Goderich,CA,43.75,-81.72,60.8,51,0,19.46,clear sky
Blaubeuren,DE,48.41,9.78,42.01,93,75,4.7,broken clouds
Namtsy,RU,62.72,129.67,10.4,85,75,4.47,light snow
Haapiti,PF,-17.57,-149.87,82.4,74,40,3.36,scattered clouds
Damnagar,IN,21.7,71.52,73.4,64,0,7.31,smoke
Buala,SB,-8.14,159.59,85.14,72,100,4.14,light rain
Bambous Virieux,MU,-20.34,57.76,77.0,88,75,3.36,shower rain
Kautokeino,NO,69.01,23.04,33.3,93,100,24.99,overcast clouds
Mao,ES,39.89,4.27,62.6,82,23,10.29,few clouds
Acarau,BR,-2.89,-40.12,78.71,82,81,11.63,broken clouds
Edwardsville,US,38.81,-89.95,62.01,62,1,11.41,clear sky
Quarai,BR,-30.39,-56.45,54.73,66,90,15.01,overcast clouds
Maun,BW,-19.98,23.42,71.6,64,0,3.36,clear sky
Tamandare,BR,-8.76,-35.1,76.41,84,8,6.71,clear sky
Chor,PK,25.52,69.77,77.5,50,0,11.77,clear sky
Klaksvik,FO,62.23,-6.59,50.0,100,77,27.51,broken clouds
Loandjili,CG,-4.76,11.86,78.33,84,100,3.71,overcast clouds
Esperance,AU,-33.87,121.9,64.4,52,90,10.29,overcast clouds
Yulara,AU,-25.24,130.99,82.4,30,30,16.11,scattered clouds
Nome,US,64.5,-165.41,33.8,74,90,21.92,overcast clouds
Vorobyevka,RU,50.65,40.92,42.17,89,53,5.59,broken clouds
Takapau,NZ,-40.03,176.35,68.0,69,100,5.99,light rain
Saint-Louis,SN,16.33,-15.0,86.0,35,0,2.24,clear sky
Kaitangata,NZ,-46.28,169.85,54.0,87,98,4.0,moderate rain
San Cristobal,VE,7.77,-72.22,65.21,92,64,2.28,broken clouds
Chapais,CA,49.78,-74.85,24.8,92,40,10.29,scattered clouds
Kruisfontein,ZA,-34.0,24.73,66.99,92,100,1.01,light rain
Saint-Philippe,RE,-21.36,55.77,75.2,50,40,5.82,scattered clouds
Mayo,US,38.89,-76.51,55.4,87,1,5.82,clear sky
Port Hardy,CA,50.7,-127.42,53.6,93,90,10.29,mist
Bubaque,GW,11.28,-15.83,83.55,73,0,11.97,clear sky
Egvekinot,RU,66.32,-179.17,25.12,99,100,7.09,snow
Touros,BR,-5.2,-35.46,77.0,88,40,5.82,scattered clouds
Vanavara,RU,60.34,102.28,22.03,97,100,7.45,light snow
Garowe,SO,8.41,48.48,73.0,44,6,7.18,clear sky
Luderitz,NA,-26.65,15.16,58.87,91,10,6.76,clear sky
Sao Geraldo Do Araguaia,BR,-6.4,-48.55,74.14,90,17,1.01,light rain
Luanshya,ZM,-13.14,28.42,64.99,87,74,1.99,broken clouds
Jibuti,DJ,11.5,42.5,75.2,83,1,11.21,clear sky
Fairhaven,US,41.64,-70.9,57.99,82,1,9.17,clear sky
Beoumi,CI,7.67,-5.58,75.2,94,18,4.7,light rain
Fayaoue,NC,-20.65,166.53,77.63,70,0,3.29,clear sky
Naliya,IN,23.27,68.83,81.43,50,0,7.63,clear sky
Lyss,CH,47.07,7.31,45.0,87,90,6.93,overcast clouds
Eucaliptus,BO,-17.58,-67.52,48.69,58,0,8.03,clear sky
Petropavlovsk-Kamchatskiy,RU,53.05,158.65,42.8,41,66,13.42,broken clouds
Kashi,CN,39.45,75.98,44.6,20,0,8.95,clear sky
Urumqi,CN,43.8,87.6,41.0,44,69,2.24,broken clouds
Arraial Do Cabo,BR,-22.97,-42.03,69.15,85,0,13.02,clear sky
Pangai,TO,-19.8,-174.35,80.6,65,20,19.46,few clouds
Olinda,BR,-8.01,-34.86,80.6,78,75,6.93,broken clouds
Paamiut,GL,61.99,-49.67,28.24,88,9,21.63,clear sky
Gazimurskiy Zavod,RU,51.55,118.33,29.01,85,7,6.46,clear sky
Marienburg,PL,54.04,19.03,42.01,90,0,5.01,clear sky
Puerto Del Rosario,ES,28.5,-13.86,62.6,82,0,4.7,clear sky
Pavlovsk,RU,50.46,40.11,43.3,90,9,4.83,clear sky
Gazanjyk,TM,39.24,55.52,52.59,37,55,11.61,broken clouds
Danilovka,RU,50.36,44.12,39.15,75,60,6.67,broken clouds
Kirakira,SB,-10.45,161.92,85.41,67,100,7.16,overcast clouds
Bethanien,NA,-26.5,17.16,56.82,45,0,4.97,clear sky
Uhlove,UA,44.82,33.6,56.39,75,36,16.87,scattered clouds
Zarichne,UA,51.81,26.13,43.59,88,100,6.76,overcast clouds
Geraldton,AU,-28.77,114.6,93.2,20,0,6.93,clear sky
Vershino-Darasunskiy,RU,52.35,115.52,25.09,85,12,5.82,few clouds
Watsa,CD,3.04,29.54,62.74,99,0,1.3,clear sky
Ukwa,IN,21.97,80.47,78.06,34,0,2.01,clear sky
Faanui,PF,-16.48,-151.75,79.41,79,86,11.7,overcast clouds
Thunder Bay,CA,48.4,-89.32,30.2,100,20,2.24,few clouds
Sheridan,US,44.83,-106.92,44.6,56,1,3.36,clear sky
Nanortalik,GL,60.14,-45.24,31.23,89,100,16.15,overcast clouds
Chernyshevskiy,RU,63.01,112.47,12.65,95,74,1.19,broken clouds
Nago,JP,26.59,127.98,78.8,61,40,25.28,scattered clouds
Oudtshoorn,ZA,-33.59,22.2,62.6,100,90,2.24,overcast clouds
Taseyevo,RU,57.22,94.9,29.7,96,100,14.07,overcast clouds
Corn Island,NI,12.17,-83.04,81.23,78,100,5.37,light rain
Grande Prairie,CA,55.17,-118.8,30.2,100,90,16.11,overcast clouds
Samaro,PK,25.28,69.4,77.25,54,0,12.24,clear sky
Khaga,IN,25.78,81.12,75.97,25,0,5.37,clear sky
Galesong,ID,-5.32,119.37,89.33,58,16,5.23,few clouds
Porto Novo,BJ,6.5,2.6,80.6,88,40,5.82,scattered clouds
Sambava,MG,-14.27,50.17,75.22,69,31,8.48,scattered clouds
Jardim,BR,-21.48,-56.14,68.09,50,61,1.45,broken clouds
Walvis Bay,NA,-22.96,14.51,57.99,93,0,8.05,clear sky
Omboue,GA,-1.57,9.26,74.61,92,100,1.97,overcast clouds
Mahibadhoo,MV,3.78,72.97,82.58,76,16,5.06,few clouds
Vila Velha,BR,-20.33,-40.29,75.99,88,75,2.24,light rain
Murindo,CO,6.98,-76.75,72.86,91,16,2.13,few clouds
Gizo,SB,-8.1,156.84,84.27,70,100,3.53,light rain
Fereydun Kenar,IR,36.69,52.52,64.18,87,39,2.95,scattered clouds
Kuryk,KZ,43.2,51.65,56.5,37,16,18.32,few clouds
Virginia Beach,US,36.85,-75.98,59.0,87,75,4.07,broken clouds
Boyolangu,ID,-8.12,111.89,86.9,66,66,6.51,broken clouds
Rietavas,LT,55.72,21.93,50.0,76,75,10.29,broken clouds
Filadelfia,US,39.95,-75.16,55.4,76,1,3.36,clear sky
Shar,KZ,49.59,81.05,36.93,66,100,11.27,overcast clouds
Boksitogorsk,RU,59.47,33.85,43.66,83,98,11.88,overcast clouds
Itarema,BR,-2.92,-39.92,78.98,81,82,12.12,broken clouds
Hirado,JP,33.36,129.55,66.0,48,0,5.82,clear sky
Sandviken,SE,60.62,16.77,37.99,80,79,5.01,broken clouds
Healdsburg,US,38.61,-122.87,61.0,82,1,4.7,clear sky
Churachandpur,IN,24.33,93.67,76.82,64,24,1.54,few clouds
Tessalit,ML,20.2,1.01,72.88,23,14,10.27,few clouds
Taoudenni,ML,22.68,-3.98,73.49,19,0,5.77,clear sky
Waynesville,US,35.49,-82.99,46.99,45,0,2.66,clear sky
Otjimbingwe,NA,-22.35,16.13,53.28,64,0,1.7,clear sky
Talnakh,RU,69.49,88.4,-4.0,83,0,2.24,clear sky
Sembe,CG,1.65,14.58,69.51,95,100,2.15,moderate rain
Kytmanovo,RU,53.46,85.45,31.41,96,100,23.73,overcast clouds
Ilebo,CD,-4.32,20.58,70.45,96,87,1.54,overcast clouds
Alice Springs,AU,-23.7,133.88,80.6,30,0,18.34,clear sky
Toccoa,US,34.58,-83.33,48.2,81,1,3.94,clear sky
Cap Malheureux,MU,-19.98,57.61,77.0,62,25,7.0,scattered clouds
Aksarka,RU,66.56,67.8,29.86,99,100,3.6,overcast clouds
Abalak,RU,58.13,68.59,32.63,96,98,7.47,overcast clouds
Uribia,CO,11.71,-72.27,80.02,77,88,11.7,overcast clouds
Souillac,MU,-20.52,57.52,71.6,88,75,3.36,shower rain
Bac Lieu,VN,9.29,105.72,84.6,68,100,6.15,overcast clouds
Zhangye,CN,38.93,100.45,45.07,47,2,16.53,clear sky
Tocopilla,CL,-22.09,-70.2,61.07,62,5,7.0,clear sky
Tanabe,JP,33.73,135.37,64.4,45,20,10.29,few clouds
Tungor,RU,53.38,142.96,27.45,95,100,22.79,light snow
Bosobolo,CD,4.18,19.9,70.18,94,87,0.94,overcast clouds
Waitati,NZ,-45.75,170.57,55.0,84,95,8.01,overcast clouds
Ploufragan,FR,48.49,-2.79,46.0,10,11,8.03,few clouds
Chilca,PE,-12.52,-76.74,62.6,82,75,13.87,broken clouds
Arman,RU,59.7,150.17,11.89,86,63,12.73,broken clouds
Serik,TR,36.92,31.1,64.0,42,0,20.8,clear sky
Lincoln,US,40.8,-96.67,61.0,59,46,1.99,scattered clouds
Santa Fe,AR,-31.63,-60.7,66.99,46,72,5.01,broken clouds
Vzmorye,RU,54.7,20.24,48.2,93,75,13.42,broken clouds
Sao Joao Da Barra,BR,-21.64,-41.05,70.02,88,45,6.06,scattered clouds
Bay Roberts,CA,47.6,-53.26,30.0,58,40,17.22,scattered clouds
Kuala Terengganu,MY,5.33,103.14,86.0,70,20,3.36,few clouds
Cluses,FR,46.06,6.58,48.2,81,90,9.17,overcast clouds
Whitehorse,CA,60.72,-135.05,1.4,70,90,14.99,light snow
Inverness,GB,57.48,-4.22,55.0,93,40,10.29,scattered clouds
Yar-Sale,RU,66.83,70.83,14.72,97,97,7.34,overcast clouds
Broome,US,42.25,-75.83,51.8,86,1,9.17,clear sky
Altay,CN,47.87,88.12,25.7,82,71,1.81,broken clouds
Salinopolis,BR,-0.61,-47.36,81.05,80,30,13.27,scattered clouds
Balkhash,KZ,46.84,74.98,23.0,67,0,11.18,clear sky
Port Hedland,AU,-20.32,118.57,107.6,9,0,13.87,clear sky
Ovre Ardal,NO,61.32,7.8,36.43,83,100,6.6,overcast clouds
Zheleznodorozhnyy,RU,55.75,38.0,44.6,100,90,6.71,moderate rain
Husavik,IS,66.04,-17.34,46.4,42,0,24.16,clear sky
Qobustan,AZ,40.08,49.41,57.2,100,75,4.7,fog
Khuzdar,PK,27.74,66.64,66.43,21,0,3.4,clear sky
Baykalsk,RU,51.51,104.15,31.42,87,4,1.07,clear sky
Bukoba,TZ,-1.33,31.81,70.14,73,81,3.8,light rain
Ulaangom,MN,49.98,92.07,30.38,77,98,7.74,overcast clouds
Quibdo,CO,5.69,-76.66,73.74,95,88,0.04,overcast clouds
Nishihara,JP,26.18,127.76,78.8,50,90,21.92,overcast clouds
Skuodas,LT,56.27,21.53,50.0,71,43,18.34,scattered clouds
Vardo,NO,70.37,31.11,37.98,85,25,27.85,scattered clouds
North Bend,US,43.41,-124.22,62.01,87,1,11.41,clear sky
Akyab,MM,20.15,92.9,82.83,75,2,4.9,clear sky
Sangar,RU,63.92,127.47,1.47,92,100,6.69,overcast clouds
Nioro,GM,13.35,-15.75,75.56,84,2,5.03,clear sky
Talcahuano,CL,-36.72,-73.12,53.6,76,0,11.41,clear sky
Wahpeton,US,46.27,-96.61,53.01,62,1,6.93,clear sky
Matucana,PE,-11.85,-76.4,60.58,37,11,0.38,few clouds
Ahuimanu,US,21.44,-157.84,82.4,78,75,6.93,broken clouds
Harindanga,IN,22.04,88.32,77.0,61,0,3.36,haze
Opuwo,NA,-18.06,13.84,59.49,34,0,1.72,clear sky
Bandarbeyla,SO,9.49,50.81,75.0,66,10,12.41,clear sky
Longyearbyen,SJ,78.22,15.64,35.6,69,75,24.16,broken clouds
Huarmey,PE,-10.07,-78.15,62.8,84,50,9.04,scattered clouds
Pauini,BR,-7.71,-66.98,75.0,92,100,1.81,light rain
Ternovskaya,RU,45.85,40.41,46.96,63,66,7.81,broken clouds
Wasilla,US,61.58,-149.44,12.0,71,1,3.36,clear sky
Milos,GR,36.75,24.43,62.6,59,0,14.99,clear sky
Staryy Nadym,RU,65.61,72.68,16.18,97,100,6.22,overcast clouds
Potosi,BO,-19.58,-65.75,45.09,57,86,4.07,overcast clouds
Portland,US,45.52,-122.68,64.0,82,22,1.99,few clouds
Pendleton,US,45.67,-118.79,60.01,58,1,5.82,clear sky
Tomari,RU,47.77,142.07,38.05,73,0,23.26,clear sky
Maningrida,AU,-12.07,134.27,91.78,46,28,13.94,scattered clouds
Belyy Yar,RU,53.6,91.39,35.6,51,0,24.61,clear sky
Puerto Lopez,CO,4.08,-72.96,75.36,91,100,3.58,overcast clouds
Aksu,CN,41.12,80.26,50.63,38,13,5.19,few clouds
High Level,CA,58.52,-117.14,15.8,92,75,11.41,broken clouds
Qingquan,CN,30.45,115.26,62.01,56,84,4.21,broken clouds
Alghero,IT,40.56,8.32,53.6,93,0,3.36,clear sky
Kemijarvi,FI,66.71,27.43,37.49,85,100,14.12,overcast clouds
Vao,NC,-22.67,167.48,73.38,81,2,6.58,clear sky
Bahia Blanca,AR,-38.72,-62.27,64.72,67,100,8.19,overcast clouds
Tutoia,BR,-2.76,-42.27,80.13,79,89,12.44,light rain
Slave Lake,CA,55.28,-114.77,26.6,86,90,19.46,light snow
Umea,SE,63.83,20.26,39.2,93,90,10.29,moderate rain
Beloha,MG,-25.17,45.05,72.64,70,72,3.29,broken clouds
Svetlyy,RU,54.67,20.13,48.2,93,75,13.42,broken clouds
Novotroitsk,RU,51.2,58.33,46.4,52,0,11.18,clear sky
Terney,RU,45.05,136.61,45.84,49,0,10.18,clear sky
Najran,SA,17.49,44.13,55.4,32,0,4.7,clear sky
Bacabal,BR,-4.29,-44.79,75.36,91,63,2.86,broken clouds
Kosh-Agach,RU,50.0,88.67,11.41,88,100,1.14,overcast clouds
Aras,ES,42.56,-2.36,48.2,87,90,1.12,overcast clouds
Kozelsk,RU,54.04,35.77,44.6,87,90,6.71,moderate rain
Lompoc,US,34.64,-120.46,62.01,82,1,3.36,clear sky
Carbonear,CA,47.73,-53.21,30.0,58,40,17.22,scattered clouds
Necochea,AR,-38.55,-58.74,60.01,73,100,10.0,overcast clouds
Norman Wells,CA,65.28,-126.83,-16.6,75,75,3.36,broken clouds
Artyom,AZ,40.47,50.33,57.2,100,75,4.7,fog
Masindi,UG,1.67,31.71,64.42,91,0,1.28,clear sky
Nyurba,RU,63.28,118.33,8.58,92,97,2.28,overcast clouds
Trincomalee,LK,8.57,81.23,83.19,73,0,7.16,clear sky
Tura,IN,25.52,90.22,75.6,40,0,2.3,clear sky
Berlevag,NO,70.86,29.09,35.44,85,25,26.55,scattered clouds
Raudeberg,NO,61.99,5.14,51.8,93,100,17.22,overcast clouds
Ilam,NP,26.92,87.92,66.51,52,0,3.44,clear sky
Labuhan,ID,-6.88,112.21,88.75,58,63,4.36,broken clouds
Mantua,IT,45.17,10.78,57.0,94,28,1.99,scattered clouds
Koygorodok,RU,60.45,51.0,35.58,94,100,8.75,overcast clouds
Palmares Do Sul,BR,-30.26,-50.51,56.44,75,2,3.94,clear sky
Banamba,ML,13.55,-7.45,73.33,33,0,3.96,clear sky
Sabang,ID,5.89,95.32,81.77,74,65,6.04,broken clouds
Great Yarmouth,GB,52.61,1.73,37.99,97,6,7.49,clear sky
Takoradi,GH,4.88,-1.76,78.51,85,53,3.18,broken clouds
Kyra,RU,49.58,111.98,28.58,95,100,2.44,overcast clouds
Caramay,PH,10.18,119.24,83.86,76,100,4.83,moderate rain
Terre-De-Bas,GP,15.85,-61.64,77.0,83,0,4.7,clear sky
Pervomayskiy,RU,53.25,40.29,44.01,82,14,6.06,few clouds
Concarneau,FR,47.88,-3.92,41.0,86,0,9.17,clear sky
Luanda,AO,-8.84,13.23,77.0,88,75,6.93,broken clouds
Nuuk,GL,64.18,-51.72,24.8,100,96,4.7,light snow
Malindi,KE,-3.22,40.12,78.15,78,54,4.72,broken clouds
Dakar,SN,14.69,-17.44,78.8,94,20,12.48,few clouds
Kadnikov,RU,59.5,40.34,43.12,81,100,10.56,overcast clouds
Korla,CN,41.76,86.15,48.63,43,0,10.87,clear sky
Mitsamiouli,KM,-11.38,43.28,78.3,77,32,12.15,scattered clouds
Santa Rosa,PH,14.31,121.11,89.01,66,75,3.36,broken clouds
Susangerd,IR,31.56,48.18,55.4,66,0,5.01,smoke
Karaton,ID,-6.34,106.1,82.99,78,75,5.82,moderate rain
Ketchikan,US,55.34,-131.65,46.4,93,90,11.41,overcast clouds
Puerto Baquerizo Moreno,EC,-0.9,-89.6,67.96,81,98,11.83,overcast clouds
Roma,US,43.21,-75.46,46.99,61,1,4.7,clear sky
Mana,GF,5.66,-53.78,78.89,86,98,8.34,overcast clouds
Boddam,GB,57.47,-1.78,55.4,76,57,8.05,broken clouds
Cortez,US,37.35,-108.59,51.01,52,1,6.93,clear sky
Praya,CV,14.92,-23.51,73.4,83,40,6.93,scattered clouds
Bremervorde,DE,53.48,9.13,41.0,93,11,8.37,few clouds
Henties Bay,NA,-22.12,14.28,57.99,94,42,2.26,scattered clouds
Igbo Ora,NG,7.43,3.28,75.92,91,100,1.95,overcast clouds
Katherine,AU,-14.47,132.27,98.6,30,100,8.05,overcast clouds
Puerto Escondido,MX,15.85,-97.07,75.2,78,5,5.82,clear sky
Abay,KZ,49.63,72.85,21.2,79,0,2.24,clear sky
Srednekolymsk,RU,67.45,153.68,7.2,94,100,20.36,light snow
Diapaga,BF,12.07,1.79,79.56,29,60,7.14,broken clouds
Barra Patuca,HN,15.8,-84.28,76.87,87,100,7.29,overcast clouds
Dicabisagan,PH,17.08,122.42,82.29,67,89,10.4,overcast clouds
Arequipa,PE,-16.4,-71.53,56.28,46,97,0.78,overcast clouds
Ampanihy,MG,-24.7,44.75,72.7,68,63,3.67,broken clouds
Russell,US,32.35,-85.2,55.4,93,1,5.1,mist
Kodinsk,RU,58.69,99.18,29.07,96,100,10.78,overcast clouds
Yarmouth,US,41.71,-70.23,55.4,82,1,10.29,clear sky
Chalmette,US,29.94,-89.96,64.99,72,1,6.93,clear sky
Prince Rupert,CA,54.32,-130.32,50.0,76,90,19.46,light rain
Santa Clara,CU,22.4,-79.97,73.4,100,75,8.05,broken clouds
Ahipara,NZ,-35.17,173.17,66.04,82,72,13.31,broken clouds
Veshenskaya,RU,49.63,41.73,41.54,86,79,7.85,broken clouds
Shubarkuduk,KZ,49.14,56.49,45.45,58,83,8.34,broken clouds
Sao Miguel Do Araguaia,BR,-13.28,-50.16,74.55,76,91,4.23,overcast clouds
Shikhany,RU,52.12,47.22,35.82,84,52,2.42,broken clouds
Matara,LK,5.95,80.54,87.48,62,6,0.51,clear sky
Kysyl-Syr,RU,63.9,122.76,3.06,91,90,5.79,overcast clouds
Sur,OM,22.57,59.53,77.22,34,0,5.99,clear sky
Xai-Xai,MZ,-25.05,33.64,74.3,75,99,6.62,overcast clouds
Guatire,VE,10.48,-66.54,71.01,90,100,1.77,overcast clouds
Inuvik,CA,68.35,-133.72,5.0,84,64,3.36,broken clouds
Kudahuvadhoo,MV,2.67,72.89,82.29,73,22,1.21,few clouds
Barajevo,RS,44.58,20.42,53.6,93,75,0.31,broken clouds
Linfen,CN,36.09,111.52,60.53,38,100,3.62,light rain
Omsukchan,RU,62.53,155.8,-10.35,85,97,6.55,overcast clouds
San Lawrenz,MT,36.06,14.2,64.0,93,0,2.24,clear sky
Taksimo,RU,56.34,114.88,18.97,91,99,1.5,overcast clouds
Coihaique,CL,-45.58,-72.07,44.6,65,75,2.24,broken clouds
Kirkenaer,NO,60.46,12.06,43.0,63,100,4.0,overcast clouds
San Carlos De Bariloche,AR,-41.15,-71.31,41.0,80,40,21.92,shower rain
Pemangkat,ID,1.17,108.97,80.13,80,100,3.87,light rain
Quang Ngai,VN,15.12,108.8,73.4,88,100,11.54,heavy intensity rain
Kenora,CA,49.82,-94.43,50.0,79,40,8.05,scattered clouds
Tahta,EG,26.77,31.5,62.6,51,0,6.93,clear sky
Picsi,PE,-6.72,-79.77,61.27,86,0,7.29,clear sky
Verkhnyaya Inta,RU,65.98,60.31,33.87,96,90,10.94,overcast clouds
Natal,BR,-5.79,-35.21,78.8,83,40,9.17,scattered clouds
Bendigo,AU,-36.77,144.28,60.01,46,2,12.06,clear sky
Northam,GB,51.03,-4.22,39.99,96,66,3.74,broken clouds
Sapa,PH,5.15,120.32,84.76,71,33,6.46,scattered clouds
Anloga,GH,5.79,0.9,80.6,88,40,4.7,scattered clouds
Moose Factory,CA,51.26,-80.61,33.8,96,90,4.7,mist
Mokhsogollokh,RU,61.47,128.92,12.02,93,99,8.59,overcast clouds
Samarinda,ID,-0.5,117.15,96.75,44,39,1.72,scattered clouds
El Astillero,ES,43.4,-3.82,53.6,71,90,5.82,overcast clouds
Manono,CD,-7.3,27.42,70.2,86,100,1.63,overcast clouds
Namatanai,PG,-3.67,152.43,83.46,71,99,12.26,moderate rain
Bafq,IR,31.61,55.41,63.46,25,0,2.93,clear sky
Panzhihua,CN,26.59,101.71,76.15,55,47,1.43,scattered clouds
Dhidhdhoo,MV,6.88,73.1,81.99,66,0,1.01,clear sky
Sao Filipe,CV,14.9,-24.5,76.5,81,100,5.84,overcast clouds
Yumen,CN,40.28,97.2,41.09,56,30,28.43,scattered clouds
Zhanaozen,KZ,43.3,52.8,50.9,45,78,16.13,broken clouds
Khor,RU,47.89,134.95,35.82,68,16,17.13,few clouds
Fernie,CA,49.5,-115.07,55.4,87,100,10.29,overcast clouds
Konstantinovskaya,RU,44.05,43.16,33.8,69,48,6.71,scattered clouds
Awjilah,LY,29.11,21.29,59.16,79,51,6.44,broken clouds
Uglegorsk,RU,49.08,142.03,35.6,74,0,15.82,clear sky
Nelson Bay,AU,-32.72,152.15,64.0,93,75,12.75,light rain
Kapit,MY,2.02,112.93,76.59,90,99,0.31,overcast clouds
Pangody,RU,65.85,74.49,5.76,94,100,6.82,overcast clouds
Sao Gabriel,BR,-30.34,-54.32,51.53,82,0,9.26,clear sky
Izumo,JP,35.37,132.77,60.8,48,75,3.36,broken clouds
Babu,CN,24.42,111.52,78.24,53,0,1.92,clear sky
Hermiston,US,45.84,-119.29,62.01,71,1,5.82,clear sky
Miles City,US,46.41,-105.84,51.8,50,1,8.05,clear sky
Viedma,AR,-40.81,-63.0,62.65,79,100,10.07,light rain
Argentan,FR,48.75,-0.02,37.4,93,0,2.24,clear sky
Conceicao Do Araguaia,BR,-8.26,-49.26,75.25,90,95,2.46,overcast clouds
Ferkessedougou,CI,9.6,-5.2,74.7,64,17,1.92,few clouds
Beringovskiy,RU,63.05,179.32,37.69,96,100,27.22,moderate rain
Havelock,US,34.88,-76.9,59.0,92,1,3.53,clear sky
Ust-Nera,RU,64.57,143.2,-1.23,84,99,7.18,overcast clouds
Morondava,MG,-20.28,44.28,78.31,68,0,5.73,clear sky
Sept-Iles,CA,50.2,-66.38,26.6,68,54,2.24,broken clouds
Rio Grande,BR,-32.03,-52.1,57.99,81,0,15.99,clear sky
Severnyy-Kospashskiy,RU,59.09,57.8,33.01,100,100,5.01,overcast clouds
Klyuchi,RU,52.27,79.17,36.27,77,90,19.06,overcast clouds
Papara,BR,-3.98,-38.73,80.6,78,40,10.29,scattered clouds
Waddan,LY,29.16,16.14,57.85,58,0,5.53,clear sky
Kieta,PG,-6.22,155.63,86.68,56,67,6.62,broken clouds
Gandorhun,SL,7.5,-11.83,73.67,98,0,2.71,light rain
Ust-Tsilma,RU,65.44,52.15,34.63,93,100,6.35,overcast clouds
Dzilam Gonzalez,MX,21.28,-88.93,74.93,90,99,10.04,light rain
Halifax,CA,44.65,-63.57,37.4,55,75,3.36,broken clouds
Ambilobe,MG,-13.2,49.05,78.51,49,89,3.11,overcast clouds
Diamantino,BR,-14.41,-56.45,73.85,40,70,3.53,broken clouds
Alekseyevsk,RU,57.84,108.35,25.75,95,100,12.08,light snow
Isiro,CD,2.77,27.62,65.8,98,19,1.77,few clouds
Amot,NO,59.57,7.99,42.01,84,100,3.0,overcast clouds
Sinnamary,GF,5.38,-52.95,79.03,86,99,7.61,light rain
Canavieiras,BR,-15.68,-38.95,71.49,94,99,4.38,overcast clouds
Diffa,NE,13.32,12.61,75.58,31,0,10.71,clear sky
Santa Isabel Do Rio Negro,BR,-0.41,-65.02,73.89,97,84,2.35,moderate rain
Palafrugell,ES,41.92,3.16,55.0,56,14,15.64,few clouds
Inongo,CD,-1.95,18.27,70.36,95,100,3.74,overcast clouds
Bilma,NE,18.69,12.92,68.58,24,0,7.29,clear sky
Wanning,CN,18.8,110.4,78.06,81,100,16.4,overcast clouds
Bud,US,39.45,-86.18,57.99,62,1,3.36,clear sky
Amapa,BR,1.0,-52.0,72.93,96,100,2.59,overcast clouds
Ambatondrazaka,MG,-17.83,48.42,66.72,69,62,0.87,broken clouds
Hammerfest,NO,70.66,23.68,39.2,69,40,23.04,scattered clouds
Puerto Cabezas,NI,14.04,-83.39,77.47,87,100,8.63,overcast clouds
Shirokiy,RU,49.76,129.52,28.31,88,64,8.43,broken clouds
Ugoofaaru,MV,5.67,73.0,82.02,68,9,4.05,clear sky
Vestmannaeyjar,IS,63.44,-20.27,44.46,91,100,13.47,heavy intensity rain
Ilovlya,RU,49.3,43.98,33.8,70,0,8.95,clear sky
Noumea,NC,-22.28,166.46,82.4,65,90,9.17,overcast clouds
Okahandja,NA,-21.98,16.92,55.4,37,0,4.7,clear sky
Mehriz,IR,31.59,54.43,51.8,23,20,4.7,few clouds
The Valley,AI,18.22,-63.06,81.0,74,20,11.41,few clouds
Zlitan,LY,32.47,14.57,65.88,66,27,7.58,scattered clouds
Magadan,RU,59.57,150.8,13.68,86,100,10.47,overcast clouds
Mackenzie,CA,55.3,-123.17,37.4,100,90,2.24,mist
Aksarayskiy,RU,46.79,48.01,48.2,76,0,6.71,clear sky
Zavetnoye,RU,47.12,43.89,46.24,59,71,7.61,broken clouds
Awbari,LY,26.59,12.78,60.08,42,89,5.64,overcast clouds
Havre-Saint-Pierre,CA,50.23,-63.6,17.6,92,40,5.82,scattered clouds
Sioux Lookout,CA,50.1,-91.92,48.2,57,20,6.93,few clouds
Pastos Bons,BR,-6.6,-44.08,69.37,97,25,1.61,scattered clouds
Oktyabrskiy,RU,54.48,53.47,36.1,83,81,2.01,broken clouds
Varzelandia,BR,-15.7,-44.03,66.34,94,99,1.7,overcast clouds
Sumbe,AO,-11.21,13.84,76.21,82,96,2.75,light rain
Tiarei,PF,-17.53,-149.33,82.4,74,40,3.36,scattered clouds
Hlubocky,CZ,49.62,17.39,41.0,99,32,6.06,scattered clouds
Mindelo,CV,16.89,-24.98,77.0,73,75,8.05,broken clouds
Along,IN,28.17,94.77,70.72,80,47,1.59,scattered clouds
Tazovskiy,RU,67.47,78.7,-2.85,92,67,6.89,broken clouds
Bousso,TD,10.48,16.71,77.83,24,0,7.83,clear sky
Noyabrsk,RU,63.2,75.45,24.37,98,100,9.06,light snow
Almaznyy,RU,48.04,40.05,44.6,87,0,11.18,clear sky
Sumter,US,28.71,-82.08,66.0,89,0,6.87,clear sky
Rusape,ZW,-18.53,32.13,63.88,87,100,4.03,overcast clouds
Zharkent,KZ,44.16,80.0,49.64,44,30,6.73,scattered clouds
Nantucket,US,41.28,-70.1,55.4,87,1,9.17,clear sky
Chiang Klang,TH,19.29,100.86,80.6,69,0,3.36,clear sky
Ljubinje,BA,42.95,18.09,59.0,100,75,2.24,fog
Dong Xoai,VN,11.53,106.92,86.5,59,60,5.26,broken clouds
San Andres,CO,12.58,-81.7,75.2,100,90,5.82,thunderstorm with light rain
Port Hawkesbury,CA,45.62,-61.35,27.0,92,1,5.59,clear sky
Fort Wellington,GY,6.4,-57.6,79.86,86,90,9.86,overcast clouds
Norman,US,35.22,-97.44,62.6,51,1,10.29,clear sky
Srandakan,ID,-7.94,110.25,84.65,71,100,7.94,overcast clouds
San Jeronimo,PE,-11.95,-75.28,51.85,64,35,1.97,scattered clouds
Leh,IN,34.17,77.58,31.5,65,72,2.51,broken clouds
Xam Nua,LA,20.42,104.04,73.74,61,99,3.06,overcast clouds
Florianopolis,BR,-27.61,-48.5,60.8,63,0,3.36,clear sky
Banda Aceh,ID,5.56,95.32,84.92,67,33,5.5,scattered clouds
Dondaicha,IN,21.33,74.57,82.2,25,0,5.17,clear sky
Batagay-Alyta,RU,67.8,130.41,-5.39,89,76,1.9,broken clouds
Bandipur,NP,27.93,84.42,67.95,53,0,0.94,clear sky
Garden City,US,42.33,-83.33,62.6,54,40,11.41,scattered clouds
Usinsk,RU,65.99,57.53,34.92,96,94,9.84,overcast clouds
Caloundra,AU,-26.8,153.13,88.0,67,5,11.01,clear sky
Roald,NO,62.58,6.13,50.0,93,100,28.86,overcast clouds
Turtas,RU,58.94,69.13,34.5,91,96,9.37,overcast clouds
Machhiwara,IN,30.91,76.2,74.52,20,0,3.8,clear sky
Sandwick,GB,60.0,-1.25,51.8,100,100,23.04,moderate rain
Faya,SA,18.39,42.45,57.2,82,20,2.59,few clouds
Kalanguy,RU,51.02,116.52,25.07,88,59,5.23,broken clouds
Inirida,CO,3.87,-67.92,71.67,98,99,2.17,overcast clouds
